{
	"credit": "Made with Blockbench",
	"textures": {
		"particle": "#wall",
		"wall": "block/glass"
	},
	"elements": [
		{
			"name": "Center post",
			"from": [4, 0, 4],
			"to": [12, 16, 12],
			"faces": {
				"north": {"uv": [0, 0, 8, 16], "texture": "#wall"},
				"east": {"uv": [16, 0, 8, 16], "texture": "#wall"},
				"south": {"uv": [0, 0, 8, 16], "texture": "#wall"},
				"west": {"uv": [16, 0, 8, 16], "texture": "#wall"},
				"up": {"uv": [8, 8, 16, 16], "texture": "#wall", "cullface": "up"},
				"down": {"uv": [0, 0, 8, 8], "texture": "#wall", "cullface": "down"}
			}
		}
	]
}